FICHA,CODIGO_PROGRAMA,PROGRAMA,NIVEL_FORMACION,FECHA_INICIO_FICHA,FECHA_FIN_FICHA,AÑO_APERTURA,MES_APERTURA,TRIMESTRE_APERTURA,DURACION_MAXIMA,DURACION_ETAPA_LECTIVA,DURACION_ETAPA_PRODUCTIVA,JORNADA,LINEA_TECNOLOGICA,TECNOLOGICA_DE_RED,PROGRAMA_ESPECIAL,AMPLIACION_COBERTURA,CONVENIO,ESTADO_FICHA,CUPO,TOTAL_MATRICULADOS,OCUPACION_CUPO,EN_TRANSITO,INDUCCION,FORMACION,CONDICIONADO,APLAZADO,RETIRO_VOLUNTARIO,CANCELADO,DESERCION_VIRT_COMP,CANCELAMIENTO_VIRT_COMP,POR_CERTIFICAR,CERTIFICADO,TRASLADADO,OTRO,TOTAL_DESERCION,TASA_DESERCION,TASA_CERTIFICACION
2822003,836201,CONSTRUCCION DE ESTRUCTURAS EN CONCRETO,OPERARIO,2023-08-28,2025-07-25,2023,8,3,1296,864,432,NOCTURNA,MATERIALES HERRAMIENTAS,MATERIALES PARA LA CONSTRUCCIÓN,NO,NO,CURSOS FIC,Terminada por fecha,35,22,0.6286,0,0,2,0,0,0,15,0,0,0,5,0,0,15,0.6818,0.2273
3112005,836201,CONSTRUCCION DE ESTRUCTURAS EN CONCRETO,OPERARIO,2024-10-25,2025-08-30,2024,10,4,1296,864,432,NOCTURNA,MATERIALES HERRAMIENTAS,MATERIALES PARA LA CONSTRUCCIÓN,NO,NO,CURSOS FIC,Terminada por fecha,40,26,0.65,0,0,1,0,0,0,17,0,0,0,8,0,0,17,0.6538,0.3077
3334901,836201,CONSTRUCCION DE ESTRUCTURAS EN CONCRETO,OPERARIO,2025-10-09,2027-02-20,2025,10,4,1296,864,432,NOCTURNA,MATERIALES HERRAMIENTAS,MATERIALES PARA LA CONSTRUCCIÓN,NO,NO,CURSOS FIC,En ejecucion,30,26,0.8667,0,0,18,0,0,1,7,0,0,0,0,0,0,8,0.3077,0.0
3171467,832235,INSTALACIONES ELECTRICAS PARA VIVIENDAS,OPERARIO,2025-04-29,2026-01-26,2025,4,2,880,440,440,NOCTURNA,PRODUCCIÓN Y TRANSFORMACIÓN,TECNOLOGÍAS  DE PRODUCCIÓN INDUSTRIAL,AULAS ABIERTAS,NO,SIN CONVENIO,Terminada por fecha,25,18,0.72,0,0,16,0,0,1,0,0,0,0,1,0,0,1,0.0556,0.0556
3214523,935105,MANEJO DE MAQUINARIA DE CONFECCION INDUSTRIAL PARA ROPA EXTERIOR,OPERARIO,2025-04-29,2026-03-22,2025,4,2,1296,864,432,DIURNA,DISEÑO,DISEÑO DE MODAS Y CONFECCIONES,ATENCION A INSTITUCIONES,NO,SIN CONVENIO,Terminada por fecha,30,24,0.8,0,0,12,0,0,0,12,0,0,0,0,0,0,12,0.5,0.0
3448723,935105,MANEJO DE MAQUINARIA DE CONFECCION INDUSTRIAL PARA ROPA EXTERIOR,OPERARIO,2026-03-04,2027-03-04,2026,3,1,1296,864,432,DIURNA,DISEÑO,DISEÑO DE MODAS Y CONFECCIONES,FULL POPULAR,NO,SIN CONVENIO,En ejecucion,17,17,1.0,0,0,17,0,0,0,0,0,0,0,0,0,0,0,0.0,0.0
2961840,935101,MANEJO DE MAQUINAS EN PROCESOS DE CONFECCION INDUSTRIAL DE ROPA DEPORTIVA,OPERARIO,2024-04-22,2025-03-16,2024,4,2,1296,864,432,DIURNA,DISEÑO,DISEÑO DE MODAS Y CONFECCIONES,ATENCION A INSTITUCIONES,NO,SIN CONVENIO,Terminada por fecha,30,26,0.8667,0,0,8,0,0,0,14,0,0,0,4,0,0,14,0.5385,0.1538
3137909,761322,PRODUCCION DE POLLO DE ENGORDE.,OPERARIO,2024-12-17,2025-09-14,2024,12,4,880,440,440,DIURNA,PRODUCCIÓN Y TRANSFORMACIÓN,TECNOLOGÍAS PECUARIAS,AULAS ABIERTAS,NO,SIN CONVENIO,Terminada por fecha,30,25,0.8333,0,0,7,0,0,0,0,0,0,0,18,0,0,0,0.0,0.72
3494864,231205,ALISTAMIENTO DE LABORATORIOS DE MICROBIOLOGIA Y BIOTECNOLOGIA.,TÉCNICO,2026-05-28,2027-08-27,2026,5,2,2208,1344,864,DIURNA,MATERIALES HERRAMIENTAS,BIOTECNOLOGÍA  INDUSTRIAL,AULAS ABIERTAS,NO,SIN CONVENIO,En ejecucion,25,25,1.0,0,0,25,0,0,0,0,0,0,0,0,0,0,0,0.0,0.0
2923101,134508,.APOYO ADMINISTRATIVO EN SALUD.,TÉCNICO,2024-04-15,2025-11-19,2024,4,2,2640,1776,864,DIURNA,CLIENTE,TECNOLOGÍAS DE SERVICIOS DE SALUD,AULAS ABIERTAS,NO,SIN CONVENIO,Terminada por fecha,25,25,1.0,0,0,10,0,0,4,0,0,0,1,10,0,0,4,0.16,0.4
2822809,631101,ASESORIA COMERCIAL,TÉCNICO,2023-10-02,2025-01-12,2023,10,4,2208,1344,864,DIURNA,CLIENTE,VENTAS Y COMERCIALIZACIÓN,AULAS ABIERTAS,NO,SIN CONVENIO,Terminada por fecha,30,24,0.8,0,0,5,0,0,6,3,0,0,0,10,0,0,9,0.375,0.4167
3112657,631101,ASESORIA COMERCIAL,TÉCNICO,2024-10-28,2026-03-06,2024,10,4,2208,1344,864,DIURNA,CLIENTE,VENTAS Y COMERCIALIZACIÓN,ATENCION A INSTITUCIONES,NO,SIN CONVENIO,Terminada por fecha,30,23,0.7667,0,0,4,0,0,4,9,0,0,1,5,0,0,13,0.5652,0.2174
2822800,134101,ASISTENCIA ADMINISTRATIVA .,TÉCNICO,2023-10-02,2025-02-09,2023,10,4,2208,1344,864,MIXTA,CLIENTE,TECNOLOGÍAS DE GESTIÓN ADMINISTRATIVA Y SERVICIOS FINANCIEROS,AULAS ABIERTAS,NO,SIN CONVENIO,Terminada por fecha,30,31,1.0333,0,0,5,0,0,8,3,0,0,0,15,0,0,11,0.3548,0.4839
2911009,134101,ASISTENCIA ADMINISTRATIVA .,TÉCNICO,2024-02-12,2025-12-15,2024,2,1,2208,1344,864,MIXTA,CLIENTE,TECNOLOGÍAS DE GESTIÓN ADMINISTRATIVA Y SERVICIOS FINANCIEROS,INTEGRACIÓN CON LA EDUCACIÓN MEDIA TÉCNICA,NO,SIN CONVENIO,Terminada por fecha,33,31,0.9394,0,0,1,0,0,7,0,0,0,2,19,2,0,7,0.2258,0.6129
2911010,134101,ASISTENCIA ADMINISTRATIVA .,TÉCNICO,2024-02-12,2025-12-15,2024,2,1,2208,1344,864,MIXTA,CLIENTE,TECNOLOGÍAS DE GESTIÓN ADMINISTRATIVA Y SERVICIOS FINANCIEROS,INTEGRACIÓN CON LA EDUCACIÓN MEDIA TÉCNICA,NO,SIN CONVENIO,Terminada,33,29,0.8788,0,0,0,0,0,9,0,0,0,4,16,0,0,9,0.3103,0.5517
2911017,134101,ASISTENCIA ADMINISTRATIVA .,TÉCNICO,2024-02-12,2025-12-15,2024,2,1,2208,1344,864,MIXTA,CLIENTE,TECNOLOGÍAS DE GESTIÓN ADMINISTRATIVA Y SERVICIOS FINANCIEROS,INTEGRACIÓN CON LA EDUCACIÓN MEDIA TÉCNICA,NO,SIN CONVENIO,Terminada,33,22,0.6667,0,0,0,0,0,12,0,0,0,2,8,0,0,12,0.5455,0.3636
2911026,134101,ASISTENCIA ADMINISTRATIVA .,TÉCNICO,2024-02-12,2025-12-15,2024,2,1,2208,1344,864,MIXTA,CLIENTE,TECNOLOGÍAS DE GESTIÓN ADMINISTRATIVA Y SERVICIOS FINANCIEROS,INTEGRACIÓN CON LA EDUCACIÓN MEDIA ACADÉMICA,NO,SIN CONVENIO,Terminada,40,40,1.0,0,0,0,0,0,23,0,0,0,0,17,0,0,23,0.575,0.425
3066422,134101,ASISTENCIA ADMINISTRATIVA .,TÉCNICO,2024-10-15,2026-03-08,2024,10,4,2208,1344,864,MIXTA,CLIENTE,TECNOLOGÍAS DE GESTIÓN ADMINISTRATIVA Y SERVICIOS FINANCIEROS,AULAS ABIERTAS,NO,SIN CONVENIO,Terminada por fecha,25,24,0.96,0,0,5,0,0,1,14,0,0,1,3,0,0,15,0.625,0.125
3151790,134101,ASISTENCIA ADMINISTRATIVA .,TÉCNICO,2025-02-17,2026-11-30,2025,2,1,2208,1344,864,MIXTA,CLIENTE,TECNOLOGÍAS DE GESTIÓN ADMINISTRATIVA Y SERVICIOS FINANCIEROS,INTEGRACIÓN CON LA EDUCACIÓN MEDIA TÉCNICA,NO,SIN CONVENIO,En ejecucion,38,37,0.9737,0,0,34,0,0,2,0,0,0,0,0,1,0,2,0.0541,0.0
3151805,134101,ASISTENCIA ADMINISTRATIVA .,TÉCNICO,2025-02-17,2026-11-30,2025,2,1,2208,1344,864,MIXTA,CLIENTE,TECNOLOGÍAS DE GESTIÓN ADMINISTRATIVA Y SERVICIOS FINANCIEROS,INTEGRACIÓN CON LA EDUCACIÓN MEDIA ACADÉMICA,NO,SIN CONVENIO,En ejecucion,35,26,0.7429,0,0,25,0,0,1,0,0,0,0,0,0,0,1,0.0385,0.0
3151807,134101,ASISTENCIA ADMINISTRATIVA .,TÉCNICO,2025-02-17,2026-11-30,2025,2,1,2208,1344,864,MIXTA,CLIENTE,TECNOLOGÍAS DE GESTIÓN ADMINISTRATIVA Y SERVICIOS FINANCIEROS,INTEGRACIÓN CON LA EDUCACIÓN MEDIA ACADÉMICA,NO,SIN CONVENIO,En ejecucion,35,23,0.6571,0,0,22,0,0,0,0,0,0,0,0,1,0,0,0.0,0.0
3151810,134101,ASISTENCIA ADMINISTRATIVA .,TÉCNICO,2025-02-17,2026-11-30,2025,2,1,2208,1344,864,MIXTA,CLIENTE,TECNOLOGÍAS DE GESTIÓN ADMINISTRATIVA Y SERVICIOS FINANCIEROS,INTEGRACIÓN CON LA EDUCACIÓN MEDIA ACADÉMICA,NO,SIN CONVENIO,En ejecucion,35,28,0.8,0,0,25,0,0,0,0,0,0,0,0,3,0,0,0.0,0.0
3151813,134101,ASISTENCIA ADMINISTRATIVA .,TÉCNICO,2025-02-17,2026-11-30,2025,2,1,2208,1344,864,MIXTA,CLIENTE,TECNOLOGÍAS DE GESTIÓN ADMINISTRATIVA Y SERVICIOS FINANCIEROS,INTEGRACIÓN CON LA EDUCACIÓN MEDIA TÉCNICA,NO,SIN CONVENIO,En ejecucion,35,30,0.8571,0,0,25,0,0,1,0,0,0,0,0,4,0,1,0.0333,0.0
3151817,134101,ASISTENCIA ADMINISTRATIVA .,TÉCNICO,2025-02-17,2026-11-30,2025,2,1,2208,1344,864,MIXTA,CLIENTE,TECNOLOGÍAS DE GESTIÓN ADMINISTRATIVA Y SERVICIOS FINANCIEROS,INTEGRACIÓN CON LA EDUCACIÓN MEDIA TÉCNICA,NO,SIN CONVENIO,En ejecucion,35,21,0.6,0,0,18,0,0,2,0,0,0,0,0,1,0,2,0.0952,0.0
3151821,134101,ASISTENCIA ADMINISTRATIVA .,TÉCNICO,2025-02-17,2026-11-30,2025,2,1,2208,1344,864,MIXTA,CLIENTE,TECNOLOGÍAS DE GESTIÓN ADMINISTRATIVA Y SERVICIOS FINANCIEROS,INTEGRACIÓN CON LA EDUCACIÓN MEDIA ACADÉMICA,NO,SIN CONVENIO,En ejecucion,35,23,0.6571,0,0,18,0,0,1,0,0,0,0,0,4,0,1,0.0435,0.0
3419398,134101,ASISTENCIA ADMINISTRATIVA .,TÉCNICO,2026-03-02,2027-11-30,2026,3,1,2208,1344,864,MIXTA,CLIENTE,TECNOLOGÍAS DE GESTIÓN ADMINISTRATIVA Y SERVICIOS FINANCIEROS,INTEGRACIÓN CON LA EDUCACIÓN MEDIA ACADÉMICA,NO,SIN CONVENIO,En ejecucion,35,19,0.5429,0,0,19,0,0,0,0,0,0,0,0,0,0,0,0.0,0.0
3419405,134101,ASISTENCIA ADMINISTRATIVA .,TÉCNICO,2026-03-02,2027-11-30,2026,3,1,2208,1344,864,MIXTA,CLIENTE,TECNOLOGÍAS DE GESTIÓN ADMINISTRATIVA Y SERVICIOS FINANCIEROS,INTEGRACIÓN CON LA EDUCACIÓN MEDIA ACADÉMICA,NO,SIN CONVENIO,En ejecucion,35,20,0.5714,0,0,20,0,0,0,0,0,0,0,0,0,0,0,0.0,0.0
3419406,134101,ASISTENCIA ADMINISTRATIVA .,TÉCNICO,2026-03-02,2027-11-30,2026,3,1,2208,1344,864,MIXTA,CLIENTE,TECNOLOGÍAS DE GESTIÓN ADMINISTRATIVA Y SERVICIOS FINANCIEROS,INTEGRACIÓN CON LA EDUCACIÓN MEDIA ACADÉMICA,NO,SIN CONVENIO,En ejecucion,35,22,0.6286,0,0,22,0,0,0,0,0,0,0,0,0,0,0,0.0,0.0
3419412,134101,ASISTENCIA ADMINISTRATIVA .,TÉCNICO,2026-03-02,2027-11-30,2026,3,1,2208,1344,864,MIXTA,CLIENTE,TECNOLOGÍAS DE GESTIÓN ADMINISTRATIVA Y SERVICIOS FINANCIEROS,INTEGRACIÓN CON LA EDUCACIÓN MEDIA ACADÉMICA,NO,SIN CONVENIO,En ejecucion,35,23,0.6571,0,0,23,0,0,0,0,0,0,0,0,0,0,0,0.0,0.0
3419415,134101,ASISTENCIA ADMINISTRATIVA .,TÉCNICO,2026-03-02,2027-11-30,2026,3,1,2208,1344,864,MIXTA,CLIENTE,TECNOLOGÍAS DE GESTIÓN ADMINISTRATIVA Y SERVICIOS FINANCIEROS,INTEGRACIÓN CON LA EDUCACIÓN MEDIA TÉCNICA,NO,SIN CONVENIO,En ejecucion,35,33,0.9429,0,0,32,0,0,1,0,0,0,0,0,0,0,1,0.0303,0.0
3419419,134101,ASISTENCIA ADMINISTRATIVA .,TÉCNICO,2026-03-02,2027-11-30,2026,3,1,2208,1344,864,MIXTA,CLIENTE,TECNOLOGÍAS DE GESTIÓN ADMINISTRATIVA Y SERVICIOS FINANCIEROS,INTEGRACIÓN CON LA EDUCACIÓN MEDIA TÉCNICA,NO,SIN CONVENIO,En ejecucion,35,34,0.9714,0,0,34,0,0,0,0,0,0,0,0,0,0,0,0.0,0.0
3419420,134101,ASISTENCIA ADMINISTRATIVA .,TÉCNICO,2026-03-02,2027-11-30,2026,3,1,2208,1344,864,MIXTA,CLIENTE,TECNOLOGÍAS DE GESTIÓN ADMINISTRATIVA Y SERVICIOS FINANCIEROS,INTEGRACIÓN CON LA EDUCACIÓN MEDIA TÉCNICA,NO,SIN CONVENIO,En ejecucion,35,29,0.8286,0,0,29,0,0,0,0,0,0,0,0,0,0,0,0.0,0.0
3494847,134101,ASISTENCIA ADMINISTRATIVA .,TÉCNICO,2026-05-28,2027-08-27,2026,5,2,2208,1344,864,MIXTA,CLIENTE,TECNOLOGÍAS DE GESTIÓN ADMINISTRATIVA Y SERVICIOS FINANCIEROS,AULAS ABIERTAS,NO,SIN CONVENIO,En ejecucion,25,25,1.0,0,25,0,0,0,0,0,0,0,0,0,0,0,0,0.0,0.0
2824264,134400,ASISTENCIA EN ORGANIZACION DE ARCHIVOS .,TÉCNICO,2023-10-02,2025-06-17,2023,10,4,2304,1440,864,DIURNA,CLIENTE,TECNOLOGÍAS DE GESTIÓN ADMINISTRATIVA Y SERVICIOS FINANCIEROS,AULAS ABIERTAS,NO,SIN CONVENIO,Terminada por fecha,30,27,0.9,0,0,1,0,0,3,3,0,0,0,20,0,0,6,0.2222,0.7407
2995966,134400,ASISTENCIA EN ORGANIZACION DE ARCHIVOS .,TÉCNICO,2024-07-08,2025-12-05,2024,7,3,2304,1440,864,DIURNA,CLIENTE,TECNOLOGÍAS DE GESTIÓN ADMINISTRATIVA Y SERVICIOS FINANCIEROS,AULAS ABIERTAS,NO,SIN CONVENIO,Terminada por fecha,30,30,1.0,0,0,5,0,0,7,5,0,0,1,12,0,0,12,0.4,0.4
2997134,134400,ASISTENCIA EN ORGANIZACION DE ARCHIVOS .,TÉCNICO,2024-07-08,2025-12-04,2024,7,3,2304,1440,864,DIURNA,CLIENTE,TECNOLOGÍAS DE GESTIÓN ADMINISTRATIVA Y SERVICIOS FINANCIEROS,ATENCION A INSTITUCIONES,NO,SIN CONVENIO,Terminada por fecha,35,25,0.7143,0,0,5,2,0,3,7,0,0,1,7,0,0,10,0.4,0.28
3123254,134400,ASISTENCIA EN ORGANIZACION DE ARCHIVOS .,TÉCNICO,2024-11-25,2026-10-11,2024,11,4,2304,1440,864,DIURNA,CLIENTE,TECNOLOGÍAS DE GESTIÓN ADMINISTRATIVA Y SERVICIOS FINANCIEROS,ATENCION A INSTITUCIONES,NO,SIN CONVENIO,En ejecucion,25,24,0.96,0,0,11,0,0,7,6,0,0,0,0,0,0,13,0.5417,0.0
3230336,134400,ASISTENCIA EN ORGANIZACION DE ARCHIVOS .,TÉCNICO,2025-07-25,2027-05-23,2025,7,3,2304,1440,864,DIURNA,CLIENTE,TECNOLOGÍAS DE GESTIÓN ADMINISTRATIVA Y SERVICIOS FINANCIEROS,AULAS ABIERTAS,NO,SIN CONVENIO,En ejecucion,25,25,1.0,0,0,17,0,0,1,7,0,0,0,0,0,0,8,0.32,0.0
3230354,134400,ASISTENCIA EN ORGANIZACION DE ARCHIVOS .,TÉCNICO,2025-07-25,2026-12-26,2025,7,3,2304,1440,864,DIURNA,CLIENTE,TECNOLOGÍAS DE GESTIÓN ADMINISTRATIVA Y SERVICIOS FINANCIEROS,AULAS ABIERTAS,NO,SIN CONVENIO,En ejecucion,25,25,1.0,0,0,15,0,0,4,6,0,0,0,0,0,0,10,0.4,0.0
2822803,637200,.ATENCION INTEGRAL A LA PRIMERA INFANCIA,TÉCNICO,2023-10-02,2025-04-19,2023,10,4,2208,1344,864,DIURNA,CLIENTE,TECNOLOGÍAS DE SERVICIOS DE SALUD,AULAS ABIERTAS,NO,SIN CONVENIO,Terminada por fecha,25,25,1.0,0,0,2,0,0,4,3,0,0,0,15,1,0,7,0.28,0.6
2822804,637200,.ATENCION INTEGRAL A LA PRIMERA INFANCIA,TÉCNICO,2023-10-02,2025-01-18,2023,10,4,2208,1344,864,DIURNA,CLIENTE,TECNOLOGÍAS DE SERVICIOS DE SALUD,AULAS ABIERTAS,NO,SIN CONVENIO,Terminada por fecha,25,24,0.96,0,0,4,0,0,2,9,0,0,0,9,0,0,11,0.4583,0.375
3066394,637200,.ATENCION INTEGRAL A LA PRIMERA INFANCIA,TÉCNICO,2024-10-15,2026-02-26,2024,10,4,2208,1344,864,DIURNA,CLIENTE,TECNOLOGÍAS DE SERVICIOS DE SALUD,AULAS ABIERTAS,NO,SIN CONVENIO,Terminada por fecha,25,25,1.0,0,0,10,0,0,7,0,0,0,0,8,0,0,7,0.28,0.32
3124151,637200,.ATENCION INTEGRAL A LA PRIMERA INFANCIA,TÉCNICO,2024-11-18,2026-09-28,2024,11,4,2208,1344,864,DIURNA,CLIENTE,TECNOLOGÍAS DE SERVICIOS DE SALUD,ATENCION A INSTITUCIONES,NO,SIN CONVENIO,En ejecucion,25,21,0.84,0,0,17,0,0,4,0,0,0,0,0,0,0,4,0.1905,0.0
3313857,637200,.ATENCION INTEGRAL A LA PRIMERA INFANCIA,TÉCNICO,2025-10-09,2027-03-03,2025,10,4,2208,1344,864,DIURNA,CLIENTE,TECNOLOGÍAS DE SERVICIOS DE SALUD,AULAS ABIERTAS,NO,SIN CONVENIO,En ejecucion,25,25,1.0,0,0,22,0,0,3,0,0,0,0,0,0,0,3,0.12,0.0
2867367,635503,COCINA.,TÉCNICO,2023-11-01,2025-06-07,2023,11,4,2200,1320,880,DIURNA,CLIENTE,TECNOLOGÍAS DE SERVICIOS TURÍSTICOS,ATENCION A INSTITUCIONES,NO,SIN CONVENIO,Terminada por fecha,35,24,0.6857,0,0,5,0,0,5,9,0,0,0,5,0,0,14,0.5833,0.2083
2938277,635503,COCINA.,TÉCNICO,2024-03-12,2025-06-12,2024,3,1,2200,1320,880,DIURNA,CLIENTE,TECNOLOGÍAS DE SERVICIOS TURÍSTICOS,ATENCION A INSTITUCIONES,NO,SIN CONVENIO,Terminada por fecha,30,21,0.7,0,0,2,4,0,1,14,0,0,0,0,0,0,15,0.7143,0.0
3148914,635503,COCINA.,TÉCNICO,2025-02-17,2026-05-17,2025,2,1,2200,1320,880,DIURNA,CLIENTE,TECNOLOGÍAS DE SERVICIOS TURÍSTICOS,AULAS ABIERTAS,NO,SIN CONVENIO,Terminada por fecha,35,22,0.6286,0,0,14,0,0,1,7,0,0,0,0,0,0,8,0.3636,0.0
2918477,222239,CONSERVACION DE RECURSOS NATURALES,TÉCNICO,2024-02-26,2025-12-27,2024,2,1,2200,1320,880,DIURNA,PRODUCCIÓN Y TRANSFORMACIÓN,TECNOLOGÍAS  DE PRODUCCIÓN LIMPIA,ATENCION A INSTITUCIONES,NO,SIN CONVENIO,Terminada,35,23,0.6571,0,0,0,0,0,1,12,0,0,0,10,0,0,13,0.5652,0.4348
2922689,836138,CONSTRUCCION DE EDIFICACIONES,TÉCNICO,2024-04-15,2025-12-20,2024,4,2,2160,1296,864,NOCTURNA,MATERIALES HERRAMIENTAS,MATERIALES PARA LA CONSTRUCCIÓN,NO,NO,CURSOS FIC,Terminada por fecha,30,23,0.7667,0,0,3,0,0,0,11,0,0,0,9,0,0,11,0.4783,0.3913
2822802,133100,CONTABILIZACION DE OPERACIONES COMERCIALES Y FINANCIERAS.,TÉCNICO,2023-10-02,2025-01-18,2023,10,4,2208,1344,864,DIURNA,CLIENTE,TECNOLOGÍAS DE GESTIÓN ADMINISTRATIVA Y SERVICIOS FINANCIEROS,AULAS ABIERTAS,NO,SIN CONVENIO,Terminada por fecha,30,28,0.9333,0,0,7,0,0,2,6,0,0,0,13,0,0,8,0.2857,0.4643
3238661,133100,CONTABILIZACION DE OPERACIONES COMERCIALES Y FINANCIERAS.,TÉCNICO,2025-06-03,2026-10-16,2025,6,2,2208,1344,864,DIURNA,CLIENTE,TECNOLOGÍAS DE GESTIÓN ADMINISTRATIVA Y SERVICIOS FINANCIEROS,ATENCION A INSTITUCIONES,NO,SIN CONVENIO,En ejecucion,30,30,1.0,0,0,19,0,0,0,11,0,0,0,0,0,0,11,0.3667,0.0
2774902,664212,EJECUCION DE PROGRAMAS DEPORTIVOS.,TÉCNICO,2023-07-10,2025-02-21,2023,7,3,2208,1344,864,NOCTURNA,CLIENTE,TECNOLOGÍAS DE SERVICIOS DE SALUD,AULAS ABIERTAS,NO,SIN CONVENIO,Terminada por fecha,30,21,0.7,0,0,11,0,0,3,3,0,0,0,4,0,0,6,0.2857,0.1905
3179477,522211,ELABORACION DE AUDIOVISUALES.,TÉCNICO,2025-03-21,2026-12-24,2025,3,1,2208,1344,864,MIXTA,TECNOLOGÍAS DE LA INFORMACIÓN Y LAS COMUNICACIONES  GESTIÓN DE LA INFORMACIÓN,"TECNOLOGÍAS DE LA INFORMACIÓN, DISEÑO Y DESARROLLO DE SOFTWARE",ATENCION A INSTITUCIONES,NO,SIN CONVENIO,En ejecucion,35,25,0.7143,0,0,2,5,0,8,10,0,0,0,0,0,0,18,0.72,0.0
2822812,331120,ENFERMERIA.,TÉCNICO,2023-10-02,2025-04-26,2023,10,4,2640,1760,880,MIXTA,CLIENTE,TECNOLOGÍAS DE SERVICIOS DE SALUD,AULAS ABIERTAS,NO,SIN CONVENIO,Terminada por fecha,25,25,1.0,0,0,8,1,0,1,1,0,0,0,14,0,0,2,0.08,0.56
3121575,331120,ENFERMERIA.,TÉCNICO,2024-11-18,2026-06-23,2024,11,4,2640,1760,880,MIXTA,CLIENTE,TECNOLOGÍAS DE SERVICIOS DE SALUD,ATENCION A INSTITUCIONES,NO,SIN CONVENIO,En ejecucion,25,19,0.76,0,0,19,0,0,0,0,0,0,0,0,0,0,0,0.0,0.0
3230317,331120,ENFERMERIA.,TÉCNICO,2025-07-25,2027-02-28,2025,7,3,2640,1760,880,MIXTA,CLIENTE,TECNOLOGÍAS DE SERVICIOS DE SALUD,AULAS ABIERTAS,NO,SIN CONVENIO,En ejecucion,25,25,1.0,0,0,23,0,0,1,1,0,0,0,0,0,0,2,0.08,0.0
3361484,331120,ENFERMERIA.,TÉCNICO,2025-10-20,2027-05-25,2025,10,4,2640,1760,880,MIXTA,CLIENTE,TECNOLOGÍAS DE SERVICIOS DE SALUD,ATENCION A INSTITUCIONES,NO,SIN CONVENIO,En ejecucion,26,25,0.9615,0,0,25,0,0,0,0,0,0,0,0,0,0,0,0.0,0.0
3413281,733302,MANEJO DE VIVEROS,TÉCNICO,2026-02-09,2027-05-09,2026,2,1,2200,1320,880,MIXTA,PRODUCCIÓN Y TRANSFORMACIÓN,TECNOLOGÍAS AGRÍCOLAS,AULAS ABIERTAS,NO,SIN CONVENIO,En ejecucion,27,26,0.963,0,0,26,0,0,0,0,0,0,0,0,0,0,0,0.0,0.0
2774877,837501,MANTENIMIENTO DE EQUIPOS DE AIRE ACONDICIONADO Y REFRIGERACION,TÉCNICO,2023-07-10,2025-03-04,2023,7,3,2208,1344,864,NOCTURNA,PRODUCCIÓN Y TRANSFORMACIÓN,"TECNOLOGÍAS DE MANTENIMIENTO PREDICTIVO, PREVENTIVO Y  CORRECTIVO",AULAS ABIERTAS,NO,SIN CONVENIO,Terminada por fecha,30,20,0.6667,0,0,4,0,0,4,6,0,0,0,6,0,0,10,0.5,0.3
3066383,837501,MANTENIMIENTO DE EQUIPOS DE AIRE ACONDICIONADO Y REFRIGERACION,TÉCNICO,2024-10-15,2026-06-23,2024,10,4,2208,1344,864,NOCTURNA,PRODUCCIÓN Y TRANSFORMACIÓN,"TECNOLOGÍAS DE MANTENIMIENTO PREDICTIVO, PREVENTIVO Y  CORRECTIVO",AULAS ABIERTAS,NO,SIN CONVENIO,En ejecucion,25,25,1.0,0,0,23,0,0,2,0,0,0,0,0,0,0,2,0.08,0.0
3383556,837501,MANTENIMIENTO DE EQUIPOS DE AIRE ACONDICIONADO Y REFRIGERACION,TÉCNICO,2025-11-14,2027-06-14,2025,11,4,2208,1344,864,NOCTURNA,PRODUCCIÓN Y TRANSFORMACIÓN,"TECNOLOGÍAS DE MANTENIMIENTO PREDICTIVO, PREVENTIVO Y  CORRECTIVO",ATENCION A INSTITUCIONES,NO,SIN CONVENIO,Terminada por unificación,25,17,0.68,0,0,0,0,0,0,0,0,0,0,0,17,0,0,0.0,0.0
3428184,837501,MANTENIMIENTO DE EQUIPOS DE AIRE ACONDICIONADO Y REFRIGERACION,TÉCNICO,2026-02-16,2027-05-12,2026,2,1,2208,1344,864,NOCTURNA,PRODUCCIÓN Y TRANSFORMACIÓN,"TECNOLOGÍAS DE MANTENIMIENTO PREDICTIVO, PREVENTIVO Y  CORRECTIVO",ATENCION A INSTITUCIONES,NO,SIN CONVENIO,En ejecucion,37,37,1.0,0,0,37,0,0,0,0,0,0,0,0,0,0,0,0.0,0.0
2911011,222301,MONITOREO AMBIENTAL,TÉCNICO,2024-02-12,2025-12-15,2024,2,1,2208,1344,864,MIXTA,PRODUCCIÓN Y TRANSFORMACIÓN,TECNOLOGÍAS  DE PRODUCCIÓN LIMPIA,INTEGRACIÓN CON LA EDUCACIÓN MEDIA TÉCNICA,NO,SIN CONVENIO,Terminada por fecha,25,22,0.88,0,0,3,0,0,1,5,0,0,0,11,2,0,6,0.2727,0.5
3151792,222301,MONITOREO AMBIENTAL,TÉCNICO,2025-02-17,2026-11-30,2025,2,1,2208,1344,864,MIXTA,PRODUCCIÓN Y TRANSFORMACIÓN,TECNOLOGÍAS  DE PRODUCCIÓN LIMPIA,INTEGRACIÓN CON LA EDUCACIÓN MEDIA TÉCNICA,NO,SIN CONVENIO,En ejecucion,35,29,0.8286,0,0,26,0,0,2,1,0,0,0,0,0,0,3,0.1034,0.0
3419407,222301,MONITOREO AMBIENTAL,TÉCNICO,2026-03-02,2027-11-30,2026,3,1,2208,1344,864,MIXTA,PRODUCCIÓN Y TRANSFORMACIÓN,TECNOLOGÍAS  DE PRODUCCIÓN LIMPIA,INTEGRACIÓN CON LA EDUCACIÓN MEDIA TÉCNICA,NO,SIN CONVENIO,En ejecucion,35,34,0.9714,0,34,0,0,0,0,0,0,0,0,0,0,0,0,0.0,0.0
2822819,133500,NOMINA Y PRESTACIONES SOCIALES .,TÉCNICO,2023-10-02,2025-05-25,2023,10,4,2208,1344,864,NOCTURNA,CLIENTE,TECNOLOGÍAS DE GESTIÓN ADMINISTRATIVA Y SERVICIOS FINANCIEROS,AULAS ABIERTAS,NO,SIN CONVENIO,Terminada por fecha,30,27,0.9,0,0,7,0,0,6,6,0,0,0,8,0,0,12,0.4444,0.2963
3419409,633410,OPERACION DE ALOJAMIENTOS RURALES,TÉCNICO,2026-03-02,2027-11-30,2026,3,1,1760,880,880,DIURNA,CLIENTE,TECNOLOGÍAS DE SERVICIOS TURÍSTICOS,INTEGRACIÓN CON LA EDUCACIÓN MEDIA TÉCNICA,NO,SIN CONVENIO,En ejecucion,35,25,0.7143,0,0,25,0,0,0,0,0,0,0,0,0,0,0,0.0,0.0
3419413,633410,OPERACION DE ALOJAMIENTOS RURALES,TÉCNICO,2026-03-02,2027-11-30,2026,3,1,1760,880,880,DIURNA,CLIENTE,TECNOLOGÍAS DE SERVICIOS TURÍSTICOS,INTEGRACIÓN CON LA EDUCACIÓN MEDIA TÉCNICA,NO,SIN CONVENIO,En ejecucion,35,23,0.6571,0,0,23,0,0,0,0,0,0,0,0,0,0,0,0.0,0.0
3419414,633410,OPERACION DE ALOJAMIENTOS RURALES,TÉCNICO,2026-03-02,2027-11-30,2026,3,1,1760,880,880,DIURNA,CLIENTE,TECNOLOGÍAS DE SERVICIOS TURÍSTICOS,INTEGRACIÓN CON LA EDUCACIÓN MEDIA TÉCNICA,NO,SIN CONVENIO,En ejecucion,35,22,0.6286,0,0,21,0,0,1,0,0,0,0,0,0,0,1,0.0455,0.0
2911002,633100,OPERACION TURISTICA LOCAL,TÉCNICO,2024-03-01,2025-12-15,2024,3,1,2200,1320,880,DIURNA,CLIENTE,TECNOLOGÍAS DE SERVICIOS TURÍSTICOS,INTEGRACIÓN CON LA EDUCACIÓN MEDIA ACADÉMICA,NO,SIN CONVENIO,Terminada,35,22,0.6286,0,0,0,0,0,3,0,0,0,0,18,1,0,3,0.1364,0.8182
2911007,633100,OPERACION TURISTICA LOCAL,TÉCNICO,2024-02-12,2025-12-15,2024,2,1,2200,1320,880,DIURNA,CLIENTE,TECNOLOGÍAS DE SERVICIOS TURÍSTICOS,INTEGRACIÓN CON LA EDUCACIÓN MEDIA TÉCNICA,NO,SIN CONVENIO,Terminada por fecha,28,28,1.0,0,0,1,0,0,13,0,0,0,0,13,1,0,13,0.4643,0.4643
2911008,633100,OPERACION TURISTICA LOCAL,TÉCNICO,2024-02-12,2025-12-15,2024,2,1,2200,1320,880,DIURNA,CLIENTE,TECNOLOGÍAS DE SERVICIOS TURÍSTICOS,INTEGRACIÓN CON LA EDUCACIÓN MEDIA TÉCNICA,NO,SIN CONVENIO,Terminada,30,29,0.9667,0,0,0,0,0,7,0,0,0,1,20,1,0,7,0.2414,0.6897
2911016,633100,OPERACION TURISTICA LOCAL,TÉCNICO,2024-02-12,2025-12-15,2024,2,1,2200,1320,880,DIURNA,CLIENTE,TECNOLOGÍAS DE SERVICIOS TURÍSTICOS,INTEGRACIÓN CON LA EDUCACIÓN MEDIA TÉCNICA,NO,SIN CONVENIO,Terminada,35,33,0.9429,0,0,0,0,0,16,0,0,0,0,15,2,0,16,0.4848,0.4545
2922727,633100,OPERACION TURISTICA LOCAL,TÉCNICO,2024-04-15,2025-08-18,2024,4,2,2200,1320,880,DIURNA,CLIENTE,TECNOLOGÍAS DE SERVICIOS TURÍSTICOS,AULAS ABIERTAS,NO,SIN CONVENIO,Terminada por fecha,25,21,0.84,0,0,6,0,0,4,2,0,0,4,5,0,0,6,0.2857,0.2381
2961896,633100,OPERACION TURISTICA LOCAL,TÉCNICO,2024-04-04,2025-12-15,2024,4,2,2200,1320,880,DIURNA,CLIENTE,TECNOLOGÍAS DE SERVICIOS TURÍSTICOS,INTEGRACIÓN CON LA EDUCACIÓN MEDIA TÉCNICA,NO,SIN CONVENIO,Terminada por unificación,35,7,0.2,0,0,0,0,0,0,0,0,0,0,0,7,0,0,0.0,0.0
3147931,633100,OPERACION TURISTICA LOCAL,TÉCNICO,2025-02-10,2026-11-30,2025,2,1,2200,1320,880,DIURNA,CLIENTE,TECNOLOGÍAS DE SERVICIOS TURÍSTICOS,INTEGRACIÓN CON LA EDUCACIÓN MEDIA TÉCNICA,NO,SIN CONVENIO,En ejecucion,30,20,0.6667,0,0,20,0,0,0,0,0,0,0,0,0,0,0,0.0,0.0
3151793,633100,OPERACION TURISTICA LOCAL,TÉCNICO,2025-02-17,2026-11-30,2025,2,1,2200,1320,880,DIURNA,CLIENTE,TECNOLOGÍAS DE SERVICIOS TURÍSTICOS,INTEGRACIÓN CON LA EDUCACIÓN MEDIA TÉCNICA,NO,SIN CONVENIO,En ejecucion,37,38,1.027,0,0,30,0,0,5,2,0,0,0,0,1,0,7,0.1842,0.0
3151819,633100,OPERACION TURISTICA LOCAL,TÉCNICO,2025-02-17,2026-11-30,2025,2,1,2200,1320,880,DIURNA,CLIENTE,TECNOLOGÍAS DE SERVICIOS TURÍSTICOS,INTEGRACIÓN CON LA EDUCACIÓN MEDIA ACADÉMICA,NO,SIN CONVENIO,En ejecucion,35,24,0.6857,0,1,22,0,0,1,0,0,0,0,0,0,0,1,0.0417,0.0
3151830,633100,OPERACION TURISTICA LOCAL,TÉCNICO,2025-02-17,2026-11-30,2025,2,1,2200,1320,880,DIURNA,CLIENTE,TECNOLOGÍAS DE SERVICIOS TURÍSTICOS,INTEGRACIÓN CON LA EDUCACIÓN MEDIA ACADÉMICA,NO,SIN CONVENIO,En ejecucion,35,25,0.7143,0,0,24,0,0,1,0,0,0,0,0,0,0,1,0.04,0.0
3151834,633100,OPERACION TURISTICA LOCAL,TÉCNICO,2025-02-17,2026-11-30,2025,2,1,2200,1320,880,DIURNA,CLIENTE,TECNOLOGÍAS DE SERVICIOS TURÍSTICOS,INTEGRACIÓN CON LA EDUCACIÓN MEDIA TÉCNICA,NO,SIN CONVENIO,Terminada por unificación,35,17,0.4857,0,0,0,0,0,0,0,0,0,0,0,17,0,0,0.0,0.0
3158430,633100,OPERACION TURISTICA LOCAL,TÉCNICO,2025-02-27,2026-05-26,2025,2,1,2200,1320,880,DIURNA,CLIENTE,TECNOLOGÍAS DE SERVICIOS TURÍSTICOS,ATENCION A INSTITUCIONES,NO,SIN CONVENIO,Terminada por fecha,30,30,1.0,0,0,22,0,0,3,5,0,0,0,0,0,0,8,0.2667,0.0
3419404,633100,OPERACION TURISTICA LOCAL,TÉCNICO,2026-03-02,2027-11-30,2026,3,1,2200,1320,880,DIURNA,CLIENTE,TECNOLOGÍAS DE SERVICIOS TURÍSTICOS,INTEGRACIÓN CON LA EDUCACIÓN MEDIA TÉCNICA,NO,SIN CONVENIO,En ejecucion,40,40,1.0,0,0,40,0,0,0,0,0,0,0,0,0,0,0,0.0,0.0
3451408,633100,OPERACION TURISTICA LOCAL,TÉCNICO,2026-03-16,2027-06-16,2026,3,1,2200,1320,880,DIURNA,CLIENTE,TECNOLOGÍAS DE SERVICIOS TURÍSTICOS,ATENCION A INSTITUCIONES,NO,SIN CONVENIO,En ejecucion,50,45,0.9,0,0,45,0,0,0,0,0,0,0,0,0,0,0,0.0,0.0
3494844,633100,OPERACION TURISTICA LOCAL,TÉCNICO,2026-05-28,2027-08-27,2026,5,2,2200,1320,880,DIURNA,CLIENTE,TECNOLOGÍAS DE SERVICIOS TURÍSTICOS,AULAS ABIERTAS,NO,SIN CONVENIO,En ejecucion,25,25,1.0,0,25,0,0,0,0,0,0,0,0,0,0,0,0,0.0,0.0
2860067,637307,PELUQUERIA.,TÉCNICO,2023-10-12,2025-02-02,2023,10,4,2208,1344,864,MIXTA,CLIENTE,TECNOLOGÍAS DE SERVICIOS DE SALUD,ATENCION A INSTITUCIONES,NO,SIN CONVENIO,Terminada por fecha,35,25,0.7143,0,0,15,0,0,4,3,0,0,0,3,0,0,7,0.28,0.12
2996009,637307,PELUQUERIA.,TÉCNICO,2024-07-08,2026-03-20,2024,7,3,2208,1344,864,MIXTA,CLIENTE,TECNOLOGÍAS DE SERVICIOS DE SALUD,AULAS ABIERTAS,NO,SIN CONVENIO,Terminada por fecha,30,30,1.0,0,0,27,0,0,3,0,0,0,0,0,0,0,3,0.1,0.0
3066405,637307,PELUQUERIA.,TÉCNICO,2024-10-15,2026-02-22,2024,10,4,2208,1344,864,MIXTA,CLIENTE,TECNOLOGÍAS DE SERVICIOS DE SALUD,AULAS ABIERTAS,NO,SIN CONVENIO,Terminada por fecha,25,19,0.76,0,0,17,0,0,2,0,0,0,0,0,0,0,2,0.1053,0.0
3313903,637307,PELUQUERIA.,TÉCNICO,2025-10-09,2027-03-01,2025,10,4,2208,1344,864,MIXTA,CLIENTE,TECNOLOGÍAS DE SERVICIOS DE SALUD,AULAS ABIERTAS,NO,SIN CONVENIO,En ejecucion,25,25,1.0,0,0,23,0,0,2,0,0,0,0,0,0,0,2,0.08,0.0
2911014,733410,PRODUCCION AGROPECUARIA,TÉCNICO,2024-03-01,2025-12-15,2024,3,1,2200,1320,880,DIURNA,PRODUCCIÓN Y TRANSFORMACIÓN,TECNOLOGÍAS AGRÍCOLAS,INTEGRACIÓN CON LA EDUCACIÓN MEDIA TÉCNICA,NO,SIN CONVENIO,Terminada,42,35,0.8333,0,0,0,0,0,8,2,0,0,0,24,1,0,10,0.2857,0.6857
2911018,733410,PRODUCCION AGROPECUARIA,TÉCNICO,2024-03-01,2025-12-15,2024,3,1,2200,1320,880,DIURNA,PRODUCCIÓN Y TRANSFORMACIÓN,TECNOLOGÍAS AGRÍCOLAS,INTEGRACIÓN CON LA EDUCACIÓN MEDIA TÉCNICA,NO,SIN CONVENIO,Terminada,31,30,0.9677,0,0,0,0,0,6,4,0,0,0,14,6,0,10,0.3333,0.4667
2911019,733410,PRODUCCION AGROPECUARIA,TÉCNICO,2024-03-01,2025-12-15,2024,3,1,2200,1320,880,DIURNA,PRODUCCIÓN Y TRANSFORMACIÓN,TECNOLOGÍAS AGRÍCOLAS,INTEGRACIÓN CON LA EDUCACIÓN MEDIA TÉCNICA,NO,SIN CONVENIO,Terminada,30,20,0.6667,0,0,0,0,0,4,6,0,0,0,7,3,0,10,0.5,0.35
2911025,733410,PRODUCCION AGROPECUARIA,TÉCNICO,2024-03-01,2025-12-15,2024,3,1,2200,1320,880,DIURNA,PRODUCCIÓN Y TRANSFORMACIÓN,TECNOLOGÍAS AGRÍCOLAS,INTEGRACIÓN CON LA EDUCACIÓN MEDIA ACADÉMICA,NO,SIN CONVENIO,Terminada,36,18,0.5,0,0,0,0,0,12,0,0,0,0,6,0,0,12,0.6667,0.3333
3151826,733410,PRODUCCION AGROPECUARIA,TÉCNICO,2025-02-17,2026-11-30,2025,2,1,2200,1320,880,DIURNA,PRODUCCIÓN Y TRANSFORMACIÓN,TECNOLOGÍAS AGRÍCOLAS,INTEGRACIÓN CON LA EDUCACIÓN MEDIA TÉCNICA,NO,SIN CONVENIO,En ejecucion,35,26,0.7429,0,0,23,0,0,3,0,0,0,0,0,0,0,3,0.1154,0.0
3151838,733410,PRODUCCION AGROPECUARIA,TÉCNICO,2025-02-17,2026-11-30,2025,2,1,2200,1320,880,DIURNA,PRODUCCIÓN Y TRANSFORMACIÓN,TECNOLOGÍAS AGRÍCOLAS,INTEGRACIÓN CON LA EDUCACIÓN MEDIA TÉCNICA,NO,SIN CONVENIO,En ejecucion,35,24,0.6857,0,0,12,0,0,2,0,0,0,0,0,10,0,2,0.0833,0.0
3151839,733410,PRODUCCION AGROPECUARIA,TÉCNICO,2025-02-17,2026-11-30,2025,2,1,2200,1320,880,DIURNA,PRODUCCIÓN Y TRANSFORMACIÓN,TECNOLOGÍAS AGRÍCOLAS,INTEGRACIÓN CON LA EDUCACIÓN MEDIA TÉCNICA,NO,SIN CONVENIO,En ejecucion,35,24,0.6857,0,0,15,0,0,6,0,0,0,0,0,3,0,6,0.25,0.0
3419396,733410,PRODUCCION AGROPECUARIA,TÉCNICO,2026-03-02,2027-11-30,2026,3,1,2200,1320,880,DIURNA,PRODUCCIÓN Y TRANSFORMACIÓN,TECNOLOGÍAS AGRÍCOLAS,INTEGRACIÓN CON LA EDUCACIÓN MEDIA ACADÉMICA,NO,SIN CONVENIO,En ejecucion,45,38,0.8444,0,0,38,0,0,0,0,0,0,0,0,0,0,0,0.0,0.0
3419403,733410,PRODUCCION AGROPECUARIA,TÉCNICO,2026-03-02,2027-11-30,2026,3,1,2200,1320,880,DIURNA,PRODUCCIÓN Y TRANSFORMACIÓN,TECNOLOGÍAS AGRÍCOLAS,INTEGRACIÓN CON LA EDUCACIÓN MEDIA TÉCNICA,NO,SIN CONVENIO,En ejecucion,45,42,0.9333,0,0,42,0,0,0,0,0,0,0,0,0,0,0,0.0,0.0
3419410,733410,PRODUCCION AGROPECUARIA,TÉCNICO,2026-03-02,2027-11-30,2026,3,1,2200,1320,880,DIURNA,PRODUCCIÓN Y TRANSFORMACIÓN,TECNOLOGÍAS AGRÍCOLAS,INTEGRACIÓN CON LA EDUCACIÓN MEDIA TÉCNICA,NO,SIN CONVENIO,En ejecucion,40,38,0.95,0,0,38,0,0,0,0,0,0,0,0,0,0,0,0.0,0.0
2911015,421149,PROMOTORIA SOCIOAMBIENTAL EN GRUPOS ETNICOS,TÉCNICO,2024-02-12,2025-12-15,2024,2,1,2200,1320,880,DIURNA,PRODUCCIÓN Y TRANSFORMACIÓN,TECNOLOGÍAS  DE PRODUCCIÓN LIMPIA,INTEGRACIÓN CON LA EDUCACIÓN MEDIA ACADÉMICA,NO,SIN CONVENIO,Terminada,35,23,0.6571,0,0,0,0,0,6,5,0,0,0,12,0,0,11,0.4783,0.5217
3151824,421149,PROMOTORIA SOCIOAMBIENTAL EN GRUPOS ETNICOS,TÉCNICO,2025-02-17,2026-11-30,2025,2,1,2200,1320,880,DIURNA,PRODUCCIÓN Y TRANSFORMACIÓN,TECNOLOGÍAS  DE PRODUCCIÓN LIMPIA,INTEGRACIÓN CON LA EDUCACIÓN MEDIA TÉCNICA,NO,SIN CONVENIO,En ejecucion,35,16,0.4571,0,0,15,0,0,0,1,0,0,0,0,0,0,1,0.0625,0.0
3151836,421149,PROMOTORIA SOCIOAMBIENTAL EN GRUPOS ETNICOS,TÉCNICO,2025-02-17,2026-11-30,2025,2,1,2200,1320,880,DIURNA,PRODUCCIÓN Y TRANSFORMACIÓN,TECNOLOGÍAS  DE PRODUCCIÓN LIMPIA,INTEGRACIÓN CON LA EDUCACIÓN MEDIA TÉCNICA,NO,SIN CONVENIO,En ejecucion,35,29,0.8286,0,0,26,0,0,1,2,0,0,0,0,0,0,3,0.1034,0.0
2822814,322201,SALUD ORAL,TÉCNICO,2023-10-02,2025-04-22,2023,10,4,2640,1760,880,DIURNA,CLIENTE,TECNOLOGÍAS DE SERVICIOS DE SALUD,AULAS ABIERTAS,NO,SIN CONVENIO,Terminada por fecha,25,25,1.0,0,0,2,0,0,4,3,0,0,0,16,0,0,7,0.28,0.64
2876167,322201,SALUD ORAL,TÉCNICO,2024-01-22,2025-07-21,2024,1,1,2640,1760,880,DIURNA,CLIENTE,TECNOLOGÍAS DE SERVICIOS DE SALUD,NO,NO,SIN CONVENIO,Terminada por fecha,25,24,0.96,0,0,3,0,0,0,4,0,0,0,17,0,0,4,0.1667,0.7083
3171531,322201,SALUD ORAL,TÉCNICO,2025-03-10,2026-10-01,2025,3,1,2640,1760,880,DIURNA,CLIENTE,TECNOLOGÍAS DE SERVICIOS DE SALUD,AULAS ABIERTAS,NO,SIN CONVENIO,En ejecucion,27,22,0.8148,0,0,20,0,0,2,0,0,0,0,0,0,0,2,0.0909,0.0
3313795,322201,SALUD ORAL,TÉCNICO,2025-10-09,2027-06-02,2025,10,4,2640,1760,880,DIURNA,CLIENTE,TECNOLOGÍAS DE SERVICIOS DE SALUD,AULAS ABIERTAS,NO,SIN CONVENIO,En ejecucion,25,25,1.0,0,0,22,0,0,1,2,0,0,0,0,0,0,3,0.12,0.0
3066398,331308,SALUD PUBLICA,TÉCNICO,2024-10-15,2026-05-22,2024,10,4,2640,1760,880,MIXTA,CLIENTE,TECNOLOGÍAS DE SERVICIOS DE SALUD,AULAS ABIERTAS,NO,SIN CONVENIO,Terminada por fecha,25,25,1.0,0,0,25,0,0,0,0,0,0,0,0,0,0,0,0.0,0.0
3182518,231100,SANEAMIENTO Y SALUD AMBIENTAL,TÉCNICO,2025-03-31,2027-02-14,2025,3,1,2208,1440,768,NOCTURNA,PRODUCCIÓN Y TRANSFORMACIÓN,TECNOLOGÍAS  DE PRODUCCIÓN LIMPIA,ATENCION A INSTITUCIONES,NO,SIN CONVENIO,En ejecucion,30,30,1.0,0,0,21,1,0,1,7,0,0,0,0,0,0,8,0.2667,0.0
3494865,231100,SANEAMIENTO Y SALUD AMBIENTAL,TÉCNICO,2026-05-28,2027-08-27,2026,5,2,2208,1440,768,NOCTURNA,PRODUCCIÓN Y TRANSFORMACIÓN,TECNOLOGÍAS  DE PRODUCCIÓN LIMPIA,AULAS ABIERTAS,NO,SIN CONVENIO,En ejecucion,26,26,1.0,0,26,0,0,0,0,0,0,0,0,0,0,0,0,0.0,0.0
2995964,137500,SERVICE OPERATION IN BILINGUAL BPO CHANNELS,TÉCNICO,2024-07-08,2026-01-10,2024,7,3,2496,1632,864,DIURNA,CLIENTE,VENTAS Y COMERCIALIZACIÓN,AULAS ABIERTAS,NO,SIN CONVENIO,Terminada por fecha,30,30,1.0,0,0,14,0,0,6,3,0,0,0,7,0,0,9,0.3,0.2333
2774881,233101,SISTEMAS.,TÉCNICO,2023-07-10,2025-01-31,2023,7,3,2208,1344,864,DIURNA,TECNOLOGÍAS DE LA INFORMACIÓN Y LAS COMUNICACIONES  GESTIÓN DE LA INFORMACIÓN,"TECNOLOGÍAS DE LA INFORMACIÓN, DISEÑO Y DESARROLLO DE SOFTWARE",AULAS ABIERTAS,NO,SIN CONVENIO,Terminada por fecha,30,29,0.9667,0,0,2,6,0,8,9,0,0,0,4,0,0,17,0.5862,0.1379
2973402,733193,SISTEMAS AGROPECUARIOS ECOLOGICOS.,TÉCNICO,2024-05-14,2025-11-07,2024,5,2,2200,1320,880,DIURNA,PRODUCCIÓN Y TRANSFORMACIÓN,TECNOLOGÍAS  DE PRODUCCIÓN LIMPIA,ATENCION A INSTITUCIONES,NO,SIN CONVENIO,Terminada,35,21,0.6,0,0,0,0,0,0,16,0,0,0,5,0,0,16,0.7619,0.2381
3004717,733193,SISTEMAS AGROPECUARIOS ECOLOGICOS.,TÉCNICO,2024-06-17,2026-01-10,2024,6,2,2200,1320,880,DIURNA,PRODUCCIÓN Y TRANSFORMACIÓN,TECNOLOGÍAS  DE PRODUCCIÓN LIMPIA,ATENCION A INSTITUCIONES,NO,SIN CONVENIO,Terminada,35,25,0.7143,0,0,0,0,0,0,11,0,0,0,14,0,0,11,0.44,0.56
3020329,733193,SISTEMAS AGROPECUARIOS ECOLOGICOS.,TÉCNICO,2024-07-08,2025-12-25,2024,7,3,2200,1320,880,DIURNA,PRODUCCIÓN Y TRANSFORMACIÓN,TECNOLOGÍAS  DE PRODUCCIÓN LIMPIA,ATENCION A INSTITUCIONES,NO,SIN CONVENIO,Terminada,35,23,0.6571,0,0,0,0,0,0,12,0,0,0,11,0,0,12,0.5217,0.4783
3291298,733193,SISTEMAS AGROPECUARIOS ECOLOGICOS.,TÉCNICO,2025-07-25,2027-02-11,2025,7,3,2200,1320,880,DIURNA,PRODUCCIÓN Y TRANSFORMACIÓN,TECNOLOGÍAS  DE PRODUCCIÓN LIMPIA,ATENCION A INSTITUCIONES,NO,SIN CONVENIO,En ejecucion,30,23,0.7667,0,0,10,0,0,1,12,0,0,0,0,0,0,13,0.5652,0.0
3355565,733193,SISTEMAS AGROPECUARIOS ECOLOGICOS.,TÉCNICO,2025-10-20,2027-04-14,2025,10,4,2200,1320,880,DIURNA,PRODUCCIÓN Y TRANSFORMACIÓN,TECNOLOGÍAS  DE PRODUCCIÓN LIMPIA,ATENCION A INSTITUCIONES,NO,SIN CONVENIO,En ejecucion,35,26,0.7429,0,0,24,0,0,0,2,0,0,0,0,0,0,2,0.0769,0.0
3406610,733193,SISTEMAS AGROPECUARIOS ECOLOGICOS.,TÉCNICO,2026-02-09,2027-06-12,2026,2,1,2200,1320,880,DIURNA,PRODUCCIÓN Y TRANSFORMACIÓN,TECNOLOGÍAS  DE PRODUCCIÓN LIMPIA,ATENCION A INSTITUCIONES,NO,SIN CONVENIO,En ejecucion,29,27,0.931,0,0,20,0,0,0,7,0,0,0,0,0,0,7,0.2593,0.0
2911004,233108,SISTEMAS TELEINFORMÁTICOS,TÉCNICO,2024-02-12,2025-12-15,2024,2,1,2304,1440,864,NOCTURNA,TECNOLOGÍAS DE LA INFORMACIÓN Y LAS COMUNICACIONES  GESTIÓN DE LA INFORMACIÓN,"TECNOLOGÍAS DE LA INFORMACIÓN, DISEÑO Y DESARROLLO DE SOFTWARE",INTEGRACIÓN CON LA EDUCACIÓN MEDIA TÉCNICA,NO,SIN CONVENIO,Terminada por unificación,30,27,0.9,0,0,0,0,0,13,0,0,0,0,0,14,0,13,0.4815,0.0
2911012,233108,SISTEMAS TELEINFORMÁTICOS,TÉCNICO,2024-02-12,2025-12-15,2024,2,1,2304,1440,864,NOCTURNA,TECNOLOGÍAS DE LA INFORMACIÓN Y LAS COMUNICACIONES  GESTIÓN DE LA INFORMACIÓN,"TECNOLOGÍAS DE LA INFORMACIÓN, DISEÑO Y DESARROLLO DE SOFTWARE",INTEGRACIÓN CON LA EDUCACIÓN MEDIA TÉCNICA,NO,SIN CONVENIO,Terminada por fecha,35,43,1.2286,0,0,5,0,0,13,2,0,0,0,22,1,0,15,0.3488,0.5116
2987558,233108,SISTEMAS TELEINFORMÁTICOS,TÉCNICO,2024-05-27,2025-12-12,2024,5,2,2304,1440,864,NOCTURNA,TECNOLOGÍAS DE LA INFORMACIÓN Y LAS COMUNICACIONES  GESTIÓN DE LA INFORMACIÓN,"TECNOLOGÍAS DE LA INFORMACIÓN, DISEÑO Y DESARROLLO DE SOFTWARE",SENATEC,NO,SIN CONVENIO,Terminada por fecha,40,31,0.775,0,0,22,0,0,9,0,0,0,0,0,0,0,9,0.2903,0.0
2987563,233108,SISTEMAS TELEINFORMÁTICOS,TÉCNICO,2024-05-27,2025-12-12,2024,5,2,2304,1440,864,NOCTURNA,TECNOLOGÍAS DE LA INFORMACIÓN Y LAS COMUNICACIONES  GESTIÓN DE LA INFORMACIÓN,"TECNOLOGÍAS DE LA INFORMACIÓN, DISEÑO Y DESARROLLO DE SOFTWARE",SENATEC,NO,SIN CONVENIO,Terminada por fecha,40,35,0.875,0,0,26,0,0,9,0,0,0,0,0,0,0,9,0.2571,0.0
3066412,233108,SISTEMAS TELEINFORMÁTICOS,TÉCNICO,2024-10-15,2026-03-16,2024,10,4,2304,1440,864,NOCTURNA,TECNOLOGÍAS DE LA INFORMACIÓN Y LAS COMUNICACIONES  GESTIÓN DE LA INFORMACIÓN,"TECNOLOGÍAS DE LA INFORMACIÓN, DISEÑO Y DESARROLLO DE SOFTWARE",AULAS ABIERTAS,NO,SIN CONVENIO,Terminada por fecha,25,25,1.0,0,0,8,0,0,3,6,0,0,1,7,0,0,9,0.36,0.28
3147934,233108,SISTEMAS TELEINFORMÁTICOS,TÉCNICO,2025-02-10,2026-11-30,2025,2,1,2304,1440,864,NOCTURNA,TECNOLOGÍAS DE LA INFORMACIÓN Y LAS COMUNICACIONES  GESTIÓN DE LA INFORMACIÓN,"TECNOLOGÍAS DE LA INFORMACIÓN, DISEÑO Y DESARROLLO DE SOFTWARE",INTEGRACIÓN CON LA EDUCACIÓN MEDIA ACADÉMICA,NO,SIN CONVENIO,En ejecucion,30,27,0.9,0,0,24,0,0,1,0,0,0,0,0,2,0,1,0.037,0.0
3147935,233108,SISTEMAS TELEINFORMÁTICOS,TÉCNICO,2025-02-10,2026-11-30,2025,2,1,2304,1440,864,NOCTURNA,TECNOLOGÍAS DE LA INFORMACIÓN Y LAS COMUNICACIONES  GESTIÓN DE LA INFORMACIÓN,"TECNOLOGÍAS DE LA INFORMACIÓN, DISEÑO Y DESARROLLO DE SOFTWARE",INTEGRACIÓN CON LA EDUCACIÓN MEDIA TÉCNICA,NO,SIN CONVENIO,En ejecucion,30,28,0.9333,0,0,22,0,0,3,2,0,0,0,0,1,0,5,0.1786,0.0
3147936,233108,SISTEMAS TELEINFORMÁTICOS,TÉCNICO,2025-02-10,2026-11-30,2025,2,1,2304,1440,864,NOCTURNA,TECNOLOGÍAS DE LA INFORMACIÓN Y LAS COMUNICACIONES  GESTIÓN DE LA INFORMACIÓN,"TECNOLOGÍAS DE LA INFORMACIÓN, DISEÑO Y DESARROLLO DE SOFTWARE",INTEGRACIÓN CON LA EDUCACIÓN MEDIA TÉCNICA,NO,SIN CONVENIO,En ejecucion,30,29,0.9667,0,0,20,0,0,2,5,0,0,0,0,2,0,7,0.2414,0.0
3230332,233108,SISTEMAS TELEINFORMÁTICOS,TÉCNICO,2025-07-25,2027-05-24,2025,7,3,2304,1440,864,NOCTURNA,TECNOLOGÍAS DE LA INFORMACIÓN Y LAS COMUNICACIONES  GESTIÓN DE LA INFORMACIÓN,"TECNOLOGÍAS DE LA INFORMACIÓN, DISEÑO Y DESARROLLO DE SOFTWARE",AULAS ABIERTAS,NO,SIN CONVENIO,En ejecucion,25,24,0.96,0,0,18,0,0,1,5,0,0,0,0,0,0,6,0.25,0.0
3296026,233108,SISTEMAS TELEINFORMÁTICOS,TÉCNICO,2025-07-30,2026-12-15,2025,7,3,2304,1440,864,NOCTURNA,TECNOLOGÍAS DE LA INFORMACIÓN Y LAS COMUNICACIONES  GESTIÓN DE LA INFORMACIÓN,"TECNOLOGÍAS DE LA INFORMACIÓN, DISEÑO Y DESARROLLO DE SOFTWARE",SENATEC,NO,SIN CONVENIO,En ejecucion,15,13,0.8667,0,0,13,0,0,0,0,0,0,0,0,0,0,0,0.0,0.0
3419387,233108,SISTEMAS TELEINFORMÁTICOS,TÉCNICO,2026-03-02,2027-11-30,2026,3,1,2304,1440,864,NOCTURNA,TECNOLOGÍAS DE LA INFORMACIÓN Y LAS COMUNICACIONES  GESTIÓN DE LA INFORMACIÓN,"TECNOLOGÍAS DE LA INFORMACIÓN, DISEÑO Y DESARROLLO DE SOFTWARE",INTEGRACIÓN CON LA EDUCACIÓN MEDIA TÉCNICA,NO,SIN CONVENIO,En ejecucion,35,29,0.8286,0,0,29,0,0,0,0,0,0,0,0,0,0,0,0.0,0.0
3419397,233108,SISTEMAS TELEINFORMÁTICOS,TÉCNICO,2026-03-02,2027-11-30,2026,3,1,2304,1440,864,NOCTURNA,TECNOLOGÍAS DE LA INFORMACIÓN Y LAS COMUNICACIONES  GESTIÓN DE LA INFORMACIÓN,"TECNOLOGÍAS DE LA INFORMACIÓN, DISEÑO Y DESARROLLO DE SOFTWARE",INTEGRACIÓN CON LA EDUCACIÓN MEDIA TÉCNICA,NO,SIN CONVENIO,En ejecucion,35,24,0.6857,0,0,24,0,0,0,0,0,0,0,0,0,0,0,0.0,0.0
3419400,233108,SISTEMAS TELEINFORMÁTICOS,TÉCNICO,2026-03-02,2027-11-30,2026,3,1,2304,1440,864,NOCTURNA,TECNOLOGÍAS DE LA INFORMACIÓN Y LAS COMUNICACIONES  GESTIÓN DE LA INFORMACIÓN,"TECNOLOGÍAS DE LA INFORMACIÓN, DISEÑO Y DESARROLLO DE SOFTWARE",INTEGRACIÓN CON LA EDUCACIÓN MEDIA TÉCNICA,NO,SIN CONVENIO,En ejecucion,35,20,0.5714,0,0,20,0,0,0,0,0,0,0,0,0,0,0,0.0,0.0
2721524,228118,ANALISIS Y DESARROLLO DE SOFTWARE.,TECNÓLOGO,2023-03-27,2025-09-11,2023,3,1,3984,3120,864,MIXTA,TECNOLOGÍAS DE LA INFORMACIÓN Y LAS COMUNICACIONES  GESTIÓN DE LA INFORMACIÓN,"TECNOLOGÍAS DE LA INFORMACIÓN, DISEÑO Y DESARROLLO DE SOFTWARE",NO,NO,SIN CONVENIO,Terminada por fecha,50,71,1.42,0,0,33,0,0,8,26,0,0,0,4,0,0,34,0.4789,0.0563
2721525,228118,ANALISIS Y DESARROLLO DE SOFTWARE.,TECNÓLOGO,2023-03-27,2025-06-26,2023,3,1,3984,3120,864,MIXTA,TECNOLOGÍAS DE LA INFORMACIÓN Y LAS COMUNICACIONES  GESTIÓN DE LA INFORMACIÓN,"TECNOLOGÍAS DE LA INFORMACIÓN, DISEÑO Y DESARROLLO DE SOFTWARE",NO,NO,SIN CONVENIO,Terminada por unificación,50,46,0.92,0,0,0,0,0,2,23,0,0,0,0,21,0,25,0.5435,0.0
3070108,228118,ANALISIS Y DESARROLLO DE SOFTWARE.,TECNÓLOGO,2024-09-16,2027-03-05,2024,9,3,3984,3120,864,MIXTA,TECNOLOGÍAS DE LA INFORMACIÓN Y LAS COMUNICACIONES  GESTIÓN DE LA INFORMACIÓN,"TECNOLOGÍAS DE LA INFORMACIÓN, DISEÑO Y DESARROLLO DE SOFTWARE",NO,NO,SIN CONVENIO,En ejecucion,50,36,0.72,0,0,36,0,0,0,0,0,0,0,0,0,0,0,0.0,0.0
3186708,228118,ANALISIS Y DESARROLLO DE SOFTWARE.,TECNÓLOGO,2025-03-31,2027-06-05,2025,3,1,3984,3120,864,MIXTA,TECNOLOGÍAS DE LA INFORMACIÓN Y LAS COMUNICACIONES  GESTIÓN DE LA INFORMACIÓN,"TECNOLOGÍAS DE LA INFORMACIÓN, DISEÑO Y DESARROLLO DE SOFTWARE",NO,NO,SIN CONVENIO,En ejecucion,70,64,0.9143,0,0,60,0,0,4,0,0,0,0,0,0,0,4,0.0625,0.0
3388933,228118,ANALISIS Y DESARROLLO DE SOFTWARE.,TECNÓLOGO,2025-12-09,2028-03-08,2025,12,4,3984,3120,864,MIXTA,TECNOLOGÍAS DE LA INFORMACIÓN Y LAS COMUNICACIONES  GESTIÓN DE LA INFORMACIÓN,"TECNOLOGÍAS DE LA INFORMACIÓN, DISEÑO Y DESARROLLO DE SOFTWARE",NO,NO,SIN CONVENIO,En ejecucion,70,69,0.9857,0,0,64,0,0,5,0,0,0,0,0,0,0,5,0.0725,0.0
3070133,513601,ANIMACION DIGITAL,TECNÓLOGO,2024-09-16,2027-04-17,2024,9,3,3984,3120,864,MIXTA,TECNOLOGÍAS DE LA INFORMACIÓN Y LAS COMUNICACIONES  GESTIÓN DE LA INFORMACIÓN,"TECNOLOGÍAS DE LA INFORMACIÓN, DISEÑO Y DESARROLLO DE SOFTWARE",NO,NO,SIN CONVENIO,En ejecucion,50,42,0.84,0,0,41,0,0,1,0,0,0,0,0,0,0,1,0.0238,0.0
2713504,621600,COORDINACION DE SERVICIOS HOTELEROS,TECNÓLOGO,2023-04-17,2025-08-20,2023,4,2,3984,3120,864,DIURNA,CLIENTE,TECNOLOGÍAS DE SERVICIOS TURÍSTICOS,AULAS ABIERTAS,NO,SIN CONVENIO,Terminada por fecha,30,25,0.8333,0,0,3,0,0,4,4,0,0,1,12,1,0,8,0.32,0.48
3171579,621600,COORDINACION DE SERVICIOS HOTELEROS,TECNÓLOGO,2025-04-29,2027-07-28,2025,4,2,3984,3120,864,DIURNA,CLIENTE,TECNOLOGÍAS DE SERVICIOS TURÍSTICOS,AULAS ABIERTAS,NO,SIN CONVENIO,En ejecucion,26,26,1.0,0,0,19,0,0,5,2,0,0,0,0,0,0,7,0.2692,0.0
2721330,522309,DESARROLLO DE MEDIOS GRAFICOS VISUALES,TECNÓLOGO,2023-03-27,2025-06-26,2023,3,1,3984,3120,864,MIXTA,TECNOLOGÍAS DE LA INFORMACIÓN Y LAS COMUNICACIONES  GESTIÓN DE LA INFORMACIÓN,"TECNOLOGÍAS DE LA INFORMACIÓN, DISEÑO Y DESARROLLO DE SOFTWARE",NO,NO,SIN CONVENIO,Terminada por fecha,52,47,0.9038,0,0,15,0,0,11,18,0,0,0,3,0,0,29,0.617,0.0638
2721227,217320,DESARROLLO MULTIMEDIA Y WEB,TECNÓLOGO,2023-03-27,2025-06-26,2023,3,1,3984,3120,864,MIXTA,TECNOLOGÍAS DE LA INFORMACIÓN Y LAS COMUNICACIONES  GESTIÓN DE LA INFORMACIÓN,"TECNOLOGÍAS DE LA INFORMACIÓN, DISEÑO Y DESARROLLO DE SOFTWARE",NO,NO,SIN CONVENIO,Terminada por unificación,52,49,0.9423,0,0,0,0,0,10,20,0,0,0,0,19,0,30,0.6122,0.0
2834408,217320,DESARROLLO MULTIMEDIA Y WEB,TECNÓLOGO,2023-09-11,2026-02-04,2023,9,3,3984,3120,864,MIXTA,TECNOLOGÍAS DE LA INFORMACIÓN Y LAS COMUNICACIONES  GESTIÓN DE LA INFORMACIÓN,"TECNOLOGÍAS DE LA INFORMACIÓN, DISEÑO Y DESARROLLO DE SOFTWARE",NO,NO,SIN CONVENIO,Terminada por fecha,59,59,1.0,0,0,2,0,0,15,37,0,0,0,5,0,0,52,0.8814,0.0847
2977142,217320,DESARROLLO MULTIMEDIA Y WEB,TECNÓLOGO,2024-05-14,2026-08-28,2024,5,2,3984,3120,864,MIXTA,TECNOLOGÍAS DE LA INFORMACIÓN Y LAS COMUNICACIONES  GESTIÓN DE LA INFORMACIÓN,"TECNOLOGÍAS DE LA INFORMACIÓN, DISEÑO Y DESARROLLO DE SOFTWARE",NO,NO,SIN CONVENIO,En ejecucion,50,45,0.9,0,0,7,0,0,7,31,0,0,0,0,0,0,38,0.8444,0.0
3186047,217320,DESARROLLO MULTIMEDIA Y WEB,TECNÓLOGO,2025-03-31,2027-06-30,2025,3,1,3984,3120,864,MIXTA,TECNOLOGÍAS DE LA INFORMACIÓN Y LAS COMUNICACIONES  GESTIÓN DE LA INFORMACIÓN,"TECNOLOGÍAS DE LA INFORMACIÓN, DISEÑO Y DESARROLLO DE SOFTWARE",NO,NO,SIN CONVENIO,En ejecucion,70,60,0.8571,0,0,56,0,0,4,0,0,0,0,0,0,0,4,0.0667,0.0
2922797,123101,GESTION CONTABLE Y DE INFORMACION FINANCIERA,TECNÓLOGO,2024-04-15,2026-09-11,2024,4,2,3984,3120,864,DIURNA,CLIENTE,TECNOLOGÍAS DE GESTIÓN ADMINISTRATIVA Y SERVICIOS FINANCIEROS,AULAS ABIERTAS,NO,SIN CONVENIO,En ejecucion,30,25,0.8333,0,0,15,0,0,5,5,0,0,0,0,0,0,10,0.4,0.0
3066420,123101,GESTION CONTABLE Y DE INFORMACION FINANCIERA,TECNÓLOGO,2024-10-15,2027-04-07,2024,10,4,3984,3120,864,DIURNA,CLIENTE,TECNOLOGÍAS DE GESTIÓN ADMINISTRATIVA Y SERVICIOS FINANCIEROS,AULAS ABIERTAS,NO,SIN CONVENIO,En ejecucion,25,26,1.04,0,0,22,0,0,0,3,0,0,0,0,1,0,3,0.1154,0.0
3230376,123101,GESTION CONTABLE Y DE INFORMACION FINANCIERA,TECNÓLOGO,2025-07-25,2027-10-24,2025,7,3,3984,3120,864,DIURNA,CLIENTE,TECNOLOGÍAS DE GESTIÓN ADMINISTRATIVA Y SERVICIOS FINANCIEROS,AULAS ABIERTAS,NO,SIN CONVENIO,En ejecucion,30,30,1.0,0,0,25,0,0,1,3,0,0,0,0,1,0,4,0.1333,0.0
3494859,123101,GESTION CONTABLE Y DE INFORMACION FINANCIERA,TECNÓLOGO,2026-05-28,2028-08-27,2026,5,2,3984,3120,864,DIURNA,CLIENTE,TECNOLOGÍAS DE GESTIÓN ADMINISTRATIVA Y SERVICIOS FINANCIEROS,AULAS ABIERTAS,NO,SIN CONVENIO,En ejecucion,25,25,1.0,0,25,0,0,0,0,0,0,0,0,0,0,0,0,0.0,0.0
2631764,112005,GESTIÓN DEL TALENTO HUMANO,TECNÓLOGO,2022-10-06,2025-03-20,2022,10,4,24,18,6,DIURNA,CLIENTE,TECNOLOGÍAS DE GESTIÓN ADMINISTRATIVA Y SERVICIOS FINANCIEROS,ATENCION A INSTITUCIONES,NO,SIN CONVENIO,Terminada por fecha,35,25,0.7143,0,0,1,0,0,6,6,0,0,0,12,0,0,12,0.48,0.48
2922791,112005,GESTIÓN DEL TALENTO HUMANO,TECNÓLOGO,2024-04-15,2026-04-06,2024,4,2,24,18,6,DIURNA,CLIENTE,TECNOLOGÍAS DE GESTIÓN ADMINISTRATIVA Y SERVICIOS FINANCIEROS,AULAS ABIERTAS,NO,SIN CONVENIO,Terminada por fecha,30,25,0.8333,0,0,12,0,0,3,0,0,0,1,9,0,0,3,0.12,0.36
2995979,112005,GESTIÓN DEL TALENTO HUMANO,TECNÓLOGO,2024-07-08,2026-09-14,2024,7,3,24,18,6,DIURNA,CLIENTE,TECNOLOGÍAS DE GESTIÓN ADMINISTRATIVA Y SERVICIOS FINANCIEROS,AULAS ABIERTAS,NO,SIN CONVENIO,En ejecucion,30,31,1.0333,0,0,21,2,0,2,5,0,0,0,1,0,0,7,0.2258,0.0323
3165512,112005,GESTIÓN DEL TALENTO HUMANO,TECNÓLOGO,2025-03-10,2027-03-23,2025,3,1,24,18,6,DIURNA,CLIENTE,TECNOLOGÍAS DE GESTIÓN ADMINISTRATIVA Y SERVICIOS FINANCIEROS,ATENCION A INSTITUCIONES,NO,SIN CONVENIO,En ejecucion,35,24,0.6857,0,0,17,0,0,2,5,0,0,0,0,0,0,7,0.2917,0.0
3230379,112005,GESTIÓN DEL TALENTO HUMANO,TECNÓLOGO,2025-07-25,2027-07-24,2025,7,3,24,18,6,DIURNA,CLIENTE,TECNOLOGÍAS DE GESTIÓN ADMINISTRATIVA Y SERVICIOS FINANCIEROS,AULAS ABIERTAS,NO,SIN CONVENIO,En ejecucion,30,27,0.9,0,0,21,0,0,2,4,0,0,0,0,0,0,6,0.2222,0.0
3099920,621128,SUPERVISION DE VENTAS,TECNÓLOGO,2024-10-15,2027-04-21,2024,10,4,3984,3120,864,DIURNA,CLIENTE,VENTAS Y COMERCIALIZACIÓN,ATENCION A INSTITUCIONES,NO,SIN CONVENIO,En ejecucion,25,20,0.8,0,0,7,0,0,1,12,0,0,0,0,0,0,13,0.65,0.0
3368636,621128,SUPERVISION DE VENTAS,TECNÓLOGO,2025-10-28,2028-01-27,2025,10,4,3984,3120,864,DIURNA,CLIENTE,VENTAS Y COMERCIALIZACIÓN,AULAS ABIERTAS,NO,SIN CONVENIO,En ejecucion,25,22,0.88,0,0,16,1,0,5,0,0,0,0,0,0,0,5,0.2273,0.0
